split,k_onboarding,variant,model,n_users,ndcg_mean,ndcg_ci_lower,ndcg_ci_upper,precision_mean,recall_mean,hit_rate_mean,mrr_mean
cold_final,3,all_candidates,popularity_most_liked,2439,0.204349,0.196418,0.212168,0.191882,0.095941,0.742107,0.400836
cold_final,3,all_candidates,content_tier2_snapshot,2439,0.094017,0.087719,0.100257,0.078844,0.039422,0.389504,0.229962
cold_final,3,all_candidates,cf_only,2439,0.232612,0.223172,0.241013,0.213735,0.106868,0.742517,0.436517
cold_final,3,all_candidates,hybrid_v1_1,2439,0.20395,0.196192,0.211624,0.186265,0.093132,0.753998,0.412968
cold_final,3,all_candidates,hybrid_v2_served,2439,0.232612,0.223172,0.241013,0.213735,0.106868,0.742517,0.436517
cold_final,3,long_tail,popularity_most_liked,2408,0.040247,0.036518,0.044034,0.029734,0.037045,0.236711,0.096669
cold_final,3,long_tail,content_tier2_snapshot,2408,0.024258,0.02114,0.02731,0.016902,0.020762,0.121262,0.060175
cold_final,3,long_tail,cf_only,2408,0.097414,0.091467,0.103865,0.068771,0.090027,0.430648,0.207125
cold_final,3,long_tail,hybrid_v1_1,2408,0.050055,0.046111,0.053928,0.039203,0.046084,0.298588,0.119506
cold_final,3,long_tail,hybrid_v2_served,2408,0.097414,0.091467,0.103865,0.068771,0.090027,0.430648,0.207125
cold_final,5,all_candidates,popularity_most_liked,2410,0.194341,0.186787,0.201804,0.183651,0.091826,0.729461,0.383267
cold_final,5,all_candidates,content_tier2_snapshot,2410,0.08983,0.084425,0.095272,0.072656,0.036328,0.362656,0.226681
cold_final,5,all_candidates,cf_only,2410,0.242273,0.233557,0.250929,0.222448,0.111224,0.771784,0.456154
cold_final,5,all_candidates,hybrid_v1_1,2410,0.19691,0.1891,0.204204,0.179793,0.089896,0.748548,0.403965
cold_final,5,all_candidates,hybrid_v2_served,2410,0.242273,0.233557,0.250929,0.222448,0.111224,0.771784,0.456154
cold_final,5,long_tail,popularity_most_liked,2372,0.040214,0.036516,0.043834,0.030143,0.036811,0.235666,0.096774
cold_final,5,long_tail,content_tier2_snapshot,2372,0.018869,0.016308,0.021834,0.014207,0.015793,0.102867,0.046645
cold_final,5,long_tail,cf_only,2372,0.105068,0.099087,0.111758,0.07774,0.093404,0.470489,0.223241
cold_final,5,long_tail,hybrid_v1_1,2372,0.060391,0.056114,0.065019,0.047766,0.053824,0.333474,0.139247
cold_final,5,long_tail,hybrid_v2_served,2372,0.105068,0.099087,0.111758,0.07774,0.093404,0.470489,0.223241
cold_final,10,all_candidates,popularity_most_liked,2321,0.16761,0.160548,0.174671,0.161181,0.08059,0.673847,0.331055
cold_final,10,all_candidates,content_tier2_snapshot,2321,0.067972,0.062639,0.073305,0.055623,0.027811,0.292977,0.174247
cold_final,10,all_candidates,cf_only,2321,0.240861,0.232284,0.249755,0.22249,0.111245,0.790607,0.454687
cold_final,10,all_candidates,hybrid_v1_1,2321,0.199137,0.192268,0.206231,0.183972,0.091986,0.762171,0.405636
cold_final,10,all_candidates,hybrid_v2_served,2321,0.240861,0.232284,0.249755,0.22249,0.111245,0.790607,0.454687
cold_final,10,long_tail,popularity_most_liked,2269,0.03915,0.035356,0.043152,0.030762,0.036232,0.23755,0.091252
cold_final,10,long_tail,content_tier2_snapshot,2269,0.014309,0.01189,0.016807,0.011283,0.010771,0.076245,0.034876
cold_final,10,long_tail,cf_only,2269,0.114595,0.10834,0.120567,0.090216,0.098799,0.525342,0.245292
cold_final,10,long_tail,hybrid_v1_1,2269,0.071456,0.06683,0.076567,0.056368,0.061892,0.375937,0.164309
cold_final,10,long_tail,hybrid_v2_served,2269,0.114595,0.10834,0.120567,0.090216,0.098799,0.525342,0.245292
cold_final,20,all_candidates,popularity_most_liked,2053,0.14301,0.135805,0.151086,0.13624,0.06812,0.613736,0.292624
cold_final,20,all_candidates,content_tier2_snapshot,2053,0.041777,0.037623,0.046196,0.033755,0.016878,0.198734,0.112633
cold_final,20,all_candidates,cf_only,2053,0.202674,0.193895,0.211288,0.187774,0.093887,0.735996,0.397854
cold_final,20,all_candidates,hybrid_v1_1,2053,0.177645,0.170062,0.185799,0.162786,0.081393,0.707258,0.371401
cold_final,20,all_candidates,hybrid_v2_served,2053,0.211628,0.202734,0.220418,0.19547,0.097735,0.755967,0.414179
cold_final,20,long_tail,popularity_most_liked,2008,0.032978,0.029569,0.03658,0.028386,0.032202,0.224602,0.072825
cold_final,20,long_tail,content_tier2_snapshot,2008,0.008431,0.006544,0.010827,0.006873,0.005942,0.048307,0.020087
cold_final,20,long_tail,cf_only,2008,0.110442,0.103975,0.116474,0.093625,0.090659,0.539841,0.242797
cold_final,20,long_tail,hybrid_v1_1,2008,0.075557,0.069948,0.081073,0.061952,0.062378,0.39741,0.169597
cold_final,20,long_tail,hybrid_v2_served,2008,0.107432,0.101151,0.113588,0.091633,0.0879,0.537351,0.230025
